"lat";"long";"accuracy";"formatted_address";"index";"tipo";"default"
"-30.0173331";"-51.1906272";"street_address";"R. Germano Petersen J˙nior, 101 - HigienÛpolis, Porto Alegre - RS, 90540-140, Brazil";1;"ESCRITORIO DE ENGENHARIA";"R GERMANO PETERSEN JUNIOR, 101/709"
"-30.017299";"-51.1902868";"premise";"Av. CristÛv„o Colombo, 3000 - HigienÛpolis, Porto Alegre - RS, 90560-002, Brazil";2;"CENTRAL DE SERVICOS DE APOIO AS EMPRESAS";"AV CRISTOVAO COLOMBO, 3000"
"-30.009786";"-51.1519262";"street_address";"Av. Assis Brasil, 3522 - Jardim Lindoia, Porto Alegre - RS, 91010-003, Brazil";3;"AGENCIA DE VIAGENS E TURISMO";"AV ASSIS BRASIL, 3522/231"
"-30.117196";"-51.2048672";"street_address";"Estr. Cristiano Kraemer, 112 - Vila Nova, Porto Alegre - RS, Brazil";4;"OFICINA DE ASSISTENCIA TECNICA";"ESTR CRISTIANO KRAEMER, 112"
"-29.9925153";"-51.192305";"premise";"Av. Ernesto Neugebauer, 160 - Humait·, Porto Alegre - RS, 90250-140, Brazil";5;"ESCRITORIO ADMINISTRATIVO (SEDE ADMINISTRATIVA DE EMPRESA)";"AV ERNESTO NEUGEBAUER, 160"
"-30.0306212";"-51.22937";"street_address";"R. Gen. Andrade Neves, 59 - Centro HistÛrico, Porto Alegre - RS, Brazil";6;"ESCRITORIO ADMINISTRATIVO (SEDE ADMINISTRATIVA DE EMPRESA)";"R GEN ANDRADE NEVES, 59/101"
"-30.100087";"-51.264288";"street_address";"Av. Pereira Passos, 27 - Vila AssunÁ„o, Porto Alegre - RS, 91900-240, Brazil";7;"ESCOLA PREPARATORIA";"AV PEREIRA PASSOS, 27"
"-30.0115751";"-51.1687512";"premise";"Av. Assis Brasil, 1894 - Jardim Sao Pedro, Porto Alegre - RS, 91010-006, Brazil";8;"ACADEMIA DE ENSINO E/OU PRATICA DE GINASTICA";"AV ASSIS BRASIL, 1894"
"-30.0217249";"-51.1828869";"street_address";"Av. PlÌnio Brasil Milano, 805 - HigienÛpolis, Porto Alegre - RS, 90520-002, Brazil";9;"ESCRITORIO DE ADMINISTRACAO (SERVIçO DE ASSESSORIAADMINISTRATIVA)";"AV PLINIO BRASIL MILANO, 805/1007"
"-30.0168518";"-51.1647222";"street_address";"Av. Jo„o Wallig, 587 - Passo d'Areia, Porto Alegre - RS, 91340-000, Brazil";10;"ESCRITORIO DE CONTABILIDADE";"AV JOAO WALLIG, 587"
"-30.0556225";"-51.2223404";"street_address";"Av. Get˙lio Vargas, 1232 - Menino Deus, Porto Alegre - RS, 90150-004, Brazil";11;"LABORATORIO DE ANALISES CLINICAS";"AV GETULIO VARGAS, 1232/2"
"-30.0394265";"-51.2022839";"street_address";"R. Dr. AlcÌdes Cruz, 126 - Santa Cecilia, Porto Alegre - RS, 90630-160, Brazil";12;"LABORATORIO DE ANALISES CLINICAS";"R DR ALCIDES CRUZ, 126"
"-30.0273615";"-51.2294131";"establishment";"R. Uruguai, 45 - Centro HistÛrico, Porto Alegre - RS, 90010-000, Brazil";13;"LABORATORIO DE ANALISES CLINICAS";"R URUGUAI, 300/1"
"-30.029678";"-51.2293383";"establishment";"R. dos Andradas, 1234 - Centro HistÛrico, Porto Alegre - RS, 90010-000, Brazil";14;"CONSULTORIO DE PSICOLOGIA";"R ANDRADAS, 1560/1725"
NA;NA;NA;"R DR VARGAS NETO 370/329 ZONA INDEFIN. 4 Porto Alegre %26&key=AIzaSyBA2Kt4jMYJe3up70J0Kl48Idrm69K6n0I";15;"PROFISSIONAL AUTONOMO";"R DR VARGAS NETO, 370/329"
"-30.042735";"-51.184831";"street_address";"Av. Taquara, 317 - PetrÛpolis, Porto Alegre - RS, 90460-210, Brazil";16;"SERVICO DE ASSESSORIA, CONSULTORIA, PESQUISA, ANA-LISE E PROMOCOES";"AV TAQUARA, 317"
"-30.0168877";"-51.1646859";"street_address";"Av. Jo„o Wallig, 573 - Passo d'Areia, Porto Alegre - RS, Brazil";17;"SALAO DE BELEZA";"AV JOAO WALLIG, 573/2"
NA;NA;NA;"AV SAUL NONNENMACHER 267 ZONA INDEFIN. 1 Porto Alegre %26&key=AIzaSyBA2Kt4jMYJe3up70J0Kl48Idrm69K6n0I";18;"SALAO DE BELEZA";"AV SAUL NONNENMACHER, 267"
"-30.057649";"-51.204597";"street_address";"R. Dr. Voltaire Pires, 510 - Santo AntÙnio, Porto Alegre - RS, 90640-160, Brazil";19;"CONSULTORIO DE PSICOLOGIA";"R DR VOLTAIRE PIRES, 510"
"-30.135134";"-51.225654";"street_address";"Av. Imperial, 478 - Ipanema, Porto Alegre - RS, 91760-400, Brazil";20;"PROFISSIONAL AUTONOMO";"AV IMPERIAL, 478"
"-30.0541674";"-51.1848477";"street_address";"R. Roque Gonz·les, 127 - Jardim Bot‚nico, Porto Alegre - RS, 90690-270, Brazil";21;"PROCESSAMENTO DE DADOS";"R ROQUE GONZALES, 127/3"
"-30.0536982";"-51.1847594";"street_address";"Rua Jo„o de Castilhos, 25 - Jardim Bot‚nico, Porto Alegre - RS, 90690-220, Brazil";22;"ESCRITORIO DE CONTABILIDADE";"R JOAO DE CASTILHO, 25/5003"
"-30.026703";"-51.191827";"street_address";"R. Dr. Freire Alem„o, 523 - Mont'Serrat, Porto Alegre - RS, 90450-060, Brazil";23;"REPRESENTACAO COMERCIAL (INTERMEDIARIOS DE VENDAS DE MERCADORIAS A";"R DR FREIRE ALEMAO, 523/101"
"-30.0541674";"-51.1848477";"street_address";"R. Roque Gonz·les, 127 - Jardim Bot‚nico, Porto Alegre - RS, 90690-270, Brazil";24;"PROCESSAMENTO DE DADOS";"R ROQUE GONZALES, 127/3"
"-30.0220963";"-51.1951042";"street_address";"Av. Nova York, 10 - Auxiliadora, Porto Alegre - RS, 90550-070, Brazil";25;"AGENCIA DE VIAGENS E TURISMO";"AV NOVA YORK, 10/204"
"-30.027001";"-51.1814414";"street_address";"Rua Furriel LuÌz AntÙnio de Vargas, 380 - Bela Vista, Porto Alegre - RS, 90470-130, Brazil";26;"ESCRITORIO DE ADMINISTRACAO (SERVIçO DE ASSESSORIAADMINISTRATIVA)";"R FURRIEL LUIZ ANTONIO DE VARGAS, 380/314"
"-30.0430195";"-51.1908002";"street_address";"R. Faria Santos, 47 - PetrÛpolis, Porto Alegre - RS, 90670-150, Brazil";27;"ESCRITORIO ADMINISTRATIVO (SEDE ADMINISTRATIVA DE EMPRESA)";"R FARIA SANTOS, 47/208"
"-30.0421243";"-51.1573385";"street_address";"R. Dr. Murtinho, 355 - Bom Jesus, Porto Alegre - RS, 91420-070, Brazil";28;"ESCRITORIO DE LOCACAO";"R DR MURTINHO, 355/3"
"-29.9933034";"-51.1124747";"street_address";"Av. PlÌnio Kroeff, 2050 - Rubem Berta, Porto Alegre - RS, 91150-170, Brazil";29;"TRANSPORTADORA DE CARGAS INTERMUNICIPAIS, INTERES-TADUAIS OU INTER";"AV PLINIO KROEFF, 2050"
"-30.029539";"-51.203584";"street_address";"Rua Dona Laura, 210 - Rio Branco, Porto Alegre - RS, 90430-090, Brazil";30;"GARAGEM E ESTACIONAMENTO PARA VEICULOS, EXCETO OS DE CARGA OU COLE";"R DONA LAURA, 210"
"-30.0313076";"-51.165463";"premise";"Av. Teixeira Mendes, 1011 - Ch·cara das Pedras, Porto Alegre - RS, 91330-390, Brazil";31;"ESCRITORIO DE ENGENHARIA";"AV TEIXEIRA MENDES, 1011"
"-30.0177104";"-51.1707324";"premise";"R. Azevedo SodrÈ, 66 - Passo d'Areia, Porto Alegre - RS, 91340-140, Brazil";32;"OFICINA DE ASSISTENCIA TECNICA";"R AZEVEDO SODRE, 66"
"-30.0552796";"-51.1733766";"street_address";"Av. Ipiranga, 6690 - Jardim Bot‚nico, Porto Alegre - RS, Brazil";33;"CLINICA MEDICA";"AV IPIRANGA, 6690/515"
"-30.0234423";"-51.19079";"street_address";"R. Silva Jardim, 157 - Auxiliadora, Porto Alegre - RS, 90450-071, Brazil";34;"AGENCIA DE VIAGENS E TURISMO";"R SILVA JARDIM, 157/302"
"-30.0593049";"-51.2290634";"street_address";"R. JosÈ de Alencar, 286 - Menino Deus, Porto Alegre - RS, 90880-481, Brazil";35;"CLINICA MEDICA SEM CALDEIRA";"R JOSE DE ALENCAR, 286"
"-30.0371099";"-51.2084723";"street_address";"R. Ramiro Barcelos, 2059 - Bom Fim, Porto Alegre - RS, 90035-004, Brazil";36;"CLINICA MEDICA SEM PROCEDIMENTO INVASIVO";"R RAMIRO BARCELOS, 2059"
"-30.2115733";"-51.1350806";"street_address";"Av. do Lami, 4488 - BelÈm Novo, Porto Alegre - RS, Brazil";37;"TINTURARIA E LAVANDERIA";"AV LAMI, 4488"
"-30.016392";"-51.1805939";"street_address";"R. Dr. Eduardo Chartier, 871 - Passo d'Areia, Porto Alegre - RS, 90520-100, Brazil";38;"SERVICO DE ASSESSORIA, CONSULTORIA, PESQUISA, ANA-LISE E PROMOCOES";"R DR EDUARDO CHARTIER, 871/1"
"-30.0136883";"-51.204673";"street_address";"Av. Pres. Franklin Roosevelt, 1593 - Floresta, Porto Alegre - RS, 90220-230, Brazil";39;"AGENCIA DE VIAGENS E TURISMO";"AV PRESIDENTE FRANKLIN ROOSEVELT, 1593"
"-30.0207738";"-51.1958602";"street_address";"R. Mata Bacelar, 52 - Auxiliadora, Porto Alegre - RS, 90540-150, Brazil";40;"ESCRITORIO ADMINISTRATIVO (SEDE ADMINISTRATIVA DE EMPRESA)";"R MATA BACELAR, 52/2"
"-30.0314614";"-51.1816812";"premise";"R. Regente, 176 - PetrÛpolis, Porto Alegre - RS, 90470-170, Brazil";41;"INSTITUICAO DE EDUCACAO INFANTIL (CRECHE)";"R REGENTE, 176"
"-29.997832";"-51.15854";"street_address";"R. AvarÈ, 333 - Jd Floresta, Porto Alegre - RS, 91040-440, Brazil";42;"EMPRESA DE DEDETIZACAO";"R AVARE, 333"
"-30.0442859";"-51.204798";"establishment";"R. S„o Manoel, 1197 - Santana, Porto Alegre - RS, 90620-110, Brazil";43;"ESCRITORIO ADMINISTRATIVO (SEDE ADMINISTRATIVA DE EMPRESA)";"R SAO MANOEL, 1197/401"
"-30.001564";"-51.2013419";"street_address";"R. Dr. Jo„o In·cio, 500 - Navegantes, Porto Alegre - RS, 90230-180, Brazil";44;"EMPRESA DE DEDETIZACAO";"R DR JOAO INACIO, 500"
"-30.0203928";"-51.1864147";"street_address";"R. Dom Pedro II, 1517 - S„o Jo„o, Porto Alegre - RS, 90550-142, Brazil";45;"CLINICA MEDICA SEM CALDEIRA";"R DOM PEDRO II, 1517/3"
"-30.0106703";"-51.1708141";"street_address";"Av. Assis Brasil, 1631 - Passo d'Areia, Porto Alegre - RS, 91010-004, Brazil";46;"CLINICA MEDICA SEM CALDEIRA";"AV ASSIS BRASIL, 1631/203"
"-30.0292021";"-51.2040557";"street_address";"R. Mariante, 180 - Rio Branco, Porto Alegre - RS, 90430-180, Brazil";47;"CENTRAL DE SERVICOS DE APOIO AS EMPRESAS";"R MARIANTE, 180/804"
"-30.0188861";"-51.1867993";"street_address";"R. Dom Pedro II, 1335 - S„o Jo„o, Porto Alegre - RS, 90550-141, Brazil";48;"SERVICO DE ENGENHARIA, ARQUITETURA, URBANISMO, PAISAGISMO, AGRONOM";"R DOM PEDRO II, 1335"
"-30.0246131";"-51.182478";"street_address";"Av. Carlos Gomes, 328 - Boa Vista, Porto Alegre - RS, Brazil";49;"ESCRITORIO ADMINISTRATIVO (SEDE ADMINISTRATIVA DE EMPRESA)";"AV CARLOS GOMES, 328/310"
"-30.0223194";"-51.2007992";"street_address";"R. Tobias da Silva, 120 - Moinhos de Vento, Porto Alegre - RS, 90570-020, Brazil";50;"CLINICA MEDICA SEM CALDEIRA";"R TOBIAS DA SILVA, 120/501"
"-30.0181371";"-51.2057811";"street_address";"R. Alm. Barroso, 735 - Floresta, Porto Alegre - RS, 90220-021, Brazil";51;"CENTRAL DE SERVICOS DE APOIO AS EMPRESAS";"R ALMIRANTE BARROSO, 735/403"
"-30.045443";"-51.204863";"street_address";"R. Bernardo PÌres, 280 - Santana, Porto Alegre - RS, 90620-010, Brazil";52;"ESCRITORIO DE CONTABILIDADE";"R BERNARDO PIRES, 280/302"
"-30.0227483";"-51.1914629";"street_address";"R. Felipe Neri, 414 - Auxiliadora, Porto Alegre - RS, 90440-150, Brazil";53;"ESCRITORIO DE GEOLOGIA";"R FELIPE NERI, 414/304"
"-30.0227483";"-51.1914629";"street_address";"R. Felipe Neri, 414 - Auxiliadora, Porto Alegre - RS, 90440-150, Brazil";54;"ESCRITORIO DE ENGENHARIA";"R FELIPE NERI, 414/304"
"-30.0082627";"-51.1845463";"street_address";"Av. Assis Brasil, 115 - S„o Jo„o, Porto Alegre - RS, 90520-100, Brazil";55;"INSTALACOES HIDRAULICAS";"AV ASSIS BRASIL, 115/220"
"-30.0121535";"-51.1538216";"street_address";"Av. do Forte, 171 - Vila Ipiranga, Porto Alegre - RS, Brazil";56;"DEPOSITOS (FECHADOS)";"AV FORTE, 171/2"
"-30.0218318";"-51.1885511";"street_address";"R. Felicissimo de Azevedo, 1455 - S„o Jo„o, Porto Alegre - RS, 90540-110, Brazil";57;"EDITORACAO GRAFICA, EDICAO E IMPRESSAO DE OUTROS  PRODUTOS GRAFICO";"R FELICISSIMO DE AZEVEDO, 1455/306"
"-30.0399546";"-51.1968667";"street_address";"Av. Prot·sio Alves, 1128 - PetrÛpolis, Porto Alegre - RS, Brazil";58;"ESCRITORIO DE IMPORTACAO E EXPORTACAO";"AV PROTASIO ALVES, 1128/301"
"-30.005469";"-51.1221797";"premise";"R. do Pampa, 200 - Sarandi, Porto Alegre - RS, 91150-103, Brazil";59;"SALAO DE BELEZA PARA ANIMAIS";"R PAMPA, 200"
"-30.016855";"-51.1883413";"street_address";"R. Felicissimo de Azevedo, 924 - S„o Jo„o, Porto Alegre - RS, 90540-110, Brazil";60;"ESCRITORIO DE ENGENHARIA";"R FELICISSIMO DE AZEVEDO, 924"
"-30.0397055";"-51.2085588";"street_address";"Av. JerÙnimo de Ornelas, 696 - Santana, Porto Alegre - RS, 90040-340, Brazil";61;"ESCRITORIO DE ENGENHARIA";"AV JERONIMO DE ORNELAS, 696"
"-30.048763";"-51.218498";"street_address";"Av. Ipiranga, 999 - Menino Deus, Porto Alegre - RS, 90160-092, Brazil";62;"GARAGEM E ESTACIONAMENTO PARA VEICULOS, EXCETO OS DE CARGA OU COLE";"AV IPIRANGA, 999"
"-30.0407321";"-51.1645948";"premise";"Delta Gest„o de FinanÁas Ltda - R. Santa Isabel, 55 - Bom Jesus, Porto Alegre - RS, 91420-690, Brazil";63;"EMPRESA DE LIMPEZA E DESINFECCAO DE RESERVATORIOS DE AGUA POTAVEL";"R SANTA IZABEL, 55"
"-30.03596";"-51.2098918";"street_address";"R. Felipe Camar„o, 751 - Rio Branco, Porto Alegre - RS, 90035-141, Brazil";64;"CLINICA MEDICA S/PROCEDIMENTO INVASIVO S/CALDEIRA";"R FELIPE CAMARAO, 751/801"
"-30.0292799";"-51.2128219";"street_address";"Av. IndependÍncia, 832 - IndependÍncia, Porto Alegre - RS, 90035-074, Brazil";65;"CLINICA MEDICA S/PROCEDIMENTO INVASIVO S/CALDEIRA";"AV INDEPENDENCIA, 832"
"-30.0258178";"-51.1819877";"street_address";"Av. Carlos Gomes, 466 - Boa Vista, Porto Alegre - RS, Brazil";66;"ESCRITORIO DE SERVICOS DE CONSULTORIA";"AV CARLOS GOMES, 466/1001"
"-30.1314982";"-51.217748";"street_address";"Av. Eduardo Prado, 1460 - Ipanema, Porto Alegre - RS, 91751-000, Brazil";67;"MOTEL";"AV EDUARDO PRADO, 1460"
"-30.0292021";"-51.2040557";"street_address";"R. Mariante, 180 - Rio Branco, Porto Alegre - RS, 90430-180, Brazil";68;"ESCRITORIO DE ENGENHARIA";"R MARIANTE, 180/804"
"-30.0656534";"-51.2271713";"premise";"R. Miguel Couto, 621 - Menino Deus, Porto Alegre - RS, 90850-050, Brazil";69;"LOCACAO DE MAO-DE-OBRA";"R MIGUEL COUTO, 621"
"-30.0656534";"-51.2271713";"premise";"R. Miguel Couto, 621 - Menino Deus, Porto Alegre - RS, 90850-050, Brazil";70;"SERVICO DE ASSESSORIA, CONSULTORIA, PESQUISA, ANA-LISE E PROMOCOES";"R MIGUEL COUTO, 621"
"-29.9778209";"-51.1743418";"street_address";"Av. Jaime Vignoli, 205 - Anchieta, Porto Alegre - RS, Brazil";71;"LOCACAO DE MAO-DE-OBRA";"AV JAIME VIGNOLI, 205/1"
"-30.080332";"-51.210746";"street_address";"Av. BelÈm, 96 - TeresÛpolis, Porto Alegre - RS, 90870-140, Brazil";72;"ESCRITORIO DE PESQUISA E ANALISE";"AV BELEM, 96"
"-30.0160881";"-51.1563408";"street_address";"R. Marco Polo, 139 - Cristo Redentor, Porto Alegre - RS, 91350-280, Brazil";73;"ESCRITORIO DE CONTABILIDADE";"R MARCO POLO, 139/2"
"-30.1140262";"-51.2551327";"street_address";"Av. Wenceslau Escobar, 2923 - Tristeza, Porto Alegre - RS, Brazil";74;"OFICINA DE ASSISTENCIA TECNICA";"AV WENCESLAU ESCOBAR, 2923/310"
"-29.9748803";"-51.1715377";"route";"Av. Fernando Ferrari - Anchieta, Porto Alegre - RS, Brazil";75;"SERVICO DE COLETA DE RESIDUOS INDUSTRIAIS OU NAO";"AV FERNANDO FERRARI, 5749"
"-30.0232957";"-51.1610041";"street_address";"R. AntÙnio Carlos Berta, 475 - Passo d'Areia, Porto Alegre - RS, 91340-020, Brazil";76;"ESCRITORIO DE INCORPORACOES E LOTEAMENTOS";"R ANTONIO CARLOS BERTA, 475/610"
"-30.006449";"-51.200211";"street_address";"Av. P·tria, 760 - S„o Geraldo, Porto Alegre - RS, 90230-070, Brazil";77;"ESCRITORIO DE INCORPORACOES E LOTEAMENTOS";"AV PATRIA, 760/305"
NA;NA;NA;"R EUCLYDES MOURA 116 PARTENON Porto Alegre %26&key=AIzaSyBA2Kt4jMYJe3up70J0Kl48Idrm69K6n0I";78;"EMPRESA DE LIMPEZA S/ARMAZENAMENTO DE PRODUTOS QUIMICOS";"R EUCLYDES MOURA, 116"
"-30.1063921";"-51.248831";"street_address";"R. Dr. Dias de Carvalho, 253 - Tristeza, Porto Alegre - RS, 91910-270, Brazil";79;"ESCRITORIO DE PESQUISA E ANALISE";"R DR DIAS DE CARVALHO, 253"
"-29.9948948";"-51.1307859";"street_address";"R. Xavier de Carvalho, 32 - Sarandi, Porto Alegre - RS, 91110-440, Brazil";80;"PROCESSAMENTO DE DADOS";"R XAVIER DE CARVALHO, 32/204"
"-30.0349339";"-51.211721";"street_address";"Av. Osvaldo Aranha, 1070 - Bom Fim, Porto Alegre - RS, 90035-191, Brazil";81;"ESTUDIO FOTOGRAFICO";"AV OSVALDO ARANHA, 1070/404"
"-30.031479";"-51.15349";"street_address";"Av. dos Prazeres, 314 - Vila Jardim, Porto Alegre - RS, 91320-150, Brazil";82;"OFICINA DE ASSISTENCIA TECNICA";"AV PRAZERES, 314"
"-30.0217249";"-51.1828869";"street_address";"Av. PlÌnio Brasil Milano, 805 - HigienÛpolis, Porto Alegre - RS, 90520-002, Brazil";83;"ESCRITORIO DE SERVICOS DE CONSULTORIA";"AV PLINIO BRASIL MILANO, 805/907"
"-30.0240529";"-51.1839342";"street_address";"R. Campos S·les, 157 - Auxiliadora, Porto Alegre - RS, Brazil";84;"ESCRITORIO DE ENGENHARIA";"R CAMPOS SALES, 157/507"
"-30.0251439";"-51.2227353";"establishment";"Av. J˙lio de Castilhos, 435 - Centro, Porto Alegre - RS, 90030-131, Brazil";85;"ESCRITORIO DE AGENCIAMENTO DE CARGAS";"AV JULIO DE CASTILHOS, 159/1202"
"-30.1607171";"-51.1867976";"street_address";"Av. Juca Batista, 4931 - Cavalhada, Porto Alegre - RS, Brazil";86;"REPRESENTACAO COMERCIAL (INTERMEDIARIOS DE VENDAS DE MERCADORIAS A";"AV JUCA BATISTA, 4931"
"-30.011638";"-51.169021";"street_address";"Av. Assis Brasil, 1864 - Passo d'Areia, Porto Alegre - RS, Brazil";87;"OFICINA DE ASSISTENCIA TECNICA";"AV ASSIS BRASIL, 1864/16"
"-29.9962059";"-51.0947037";"premise";"R. dos Maias, 923 - Rubem Berta, Porto Alegre - RS, 91170-200, Brazil";88;"SALAO DE BELEZA";"R MAIAS, 923"
"-30.0598261";"-51.1917533";"street_address";"R. Bar„o do Amazonas, 1866 - Partenon, Porto Alegre - RS, 90670-002, Brazil";89;"CONSULTORIO ODONTOLOGICO";"R BARAO DO AMAZONAS, 1866/203"
"-30.0245892";"-51.2036318";"street_address";"R. Luciana de Abreu, 323 - Moinhos de Vento, Porto Alegre - RS, 90570-060, Brazil";90;"CONSULTORIO MEDICO";"R LUCIANA DE ABREU, 323/201"
"-30.0214377";"-51.15272";"street_address";"Av. Eng. JosÈ Maria de Carvalho, 266 - Vila Ipiranga, Porto Alegre - RS, 91360-320, Brazil";91;"ACADEMIA DE ENSINO E/OU PRATICA DE GINASTICA";"AV ENG JOSE MARIA DE CARVALHO, 266"
"-30.0283976";"-51.2210458";"street_address";"R. Cel. Vicente, 529 - Centro HistÛrico, Porto Alegre - RS, 90030-040, Brazil";92;"REPRESENTACAO COMERCIAL (INTERMEDIARIOS DE VENDAS DE MERCADORIAS A";"R CEL VICENTE, 529/301"
"-30.0378606";"-51.2048714";"street_address";"R. S„o Manoel, 456 - Rio Branco, Porto Alegre - RS, Brazil";93;"ESCRITORIO DE COBRANCA E AJUSTE DE CONTAS";"R SAO MANOEL, 456/403"
"-30.034151";"-51.212844";"street_address";"Rua General Jo„o Telles, 528 - Bom Fim, Porto Alegre - RS, 90035-120, Brazil";94;"ESCOLA DE DANCA";"R GEN JOAO TELLES, 528"
"-30.0594444";"-51.2277232";"premise";"R. JosÈ de Alencar, 386 - Menino Deus, Porto Alegre - RS, 90880-480, Brazil";95;"SERVICO DE MASSAGEM (MASSAGISTAS, MASSAGEM ESTETI-CA, TERAPEUTICA";"R JOSE DE ALENCAR, 386"
"-30.0293433";"-51.202027";"street_address";"Rua Dona Laura, 354 - Rio Branco, Porto Alegre - RS, 90430-090, Brazil";96;"CONSULTORIO DE PSICOLOGIA";"R DONA LAURA, 354/405"
"-30.1079697";"-51.2500305";"premise";"R. JosÈ Gomes, 393 - Tristeza, Porto Alegre - RS, 91910-280, Brazil";97;"CONSULTORIO DE PSICOLOGIA";"R JOSE GOMES, 393"
"-30.0411427";"-51.1546885";"street_address";"Av. Prot·sio Alves, 5664 - Alto PetrÛpolis, Porto Alegre - RS, Brazil";98;"IMOBILIARIA";"AV PROTASIO ALVES, 5664"
"-30.1357102";"-51.2239699";"premise";"Av. Juca Batista, 61 - Cavalhada, Porto Alegre - RS, 91770-001, Brazil";99;"PROFISSIONAL LIBERAL,TECNICO E UNIVERSITARIO";"AV JUCA BATISTA, 61"
"-30.0296896";"-51.2081842";"street_address";"R. Cel. Frederico Linck, 28 - Rio Branco, Porto Alegre - RS, 90035-010, Brazil";100;"SALAO DE BELEZA";"R CEL FREDERICO LINCK, 28"
"-30.0431227";"-51.2151184";"street_address";"Av. Jo„o Pessoa, 1371 - Farroupilha, Porto Alegre - RS, Brazil";101;"OFICINA DE ASSISTENCIA TECNICA";"AV JOAO PESSOA, 1371"
"-30.0092417";"-51.1711001";"street_address";"Av. Assis Brasil, 1508 - Passo d'Areia, Porto Alegre - RS, 91010-001, Brazil";102;"REPRESENTACAO COMERCIAL (INTERMEDIARIOS DE VENDAS DE MERCADORIAS A";"AV ASSIS BRASIL, 1508"
"-30.038538";"-51.2007369";"street_address";"R. Prof. Duplan, 55 - Rio Branco, Porto Alegre - RS, 90420-030, Brazil";103;"SERVICO DE MASSAGEM (MASSAGISTAS, MASSAGEM ESTETI-CA, TERAPEUTICA";"R PROF DUPLAN, 55/303"
NA;NA;NA;"R EUCLYDES MOURA 135 PARTENON Porto Alegre %26&key=AIzaSyBA2Kt4jMYJe3up70J0Kl48Idrm69K6n0I";104;"TELE-ENTREGAS";"R EUCLYDES MOURA, 135"
"-30.1002844";"-51.2330648";"street_address";"R. Dr. Barcelos, 2649 - Tristeza, Porto Alegre - RS, 91910-250, Brazil";105;"GARAGEM E ESTACIONAMENTO PARA VEICULOS, EXCETO OS DE CARGA OU COLE";"R DR BARCELOS, 2649"
"-30.0414792";"-51.1825204";"street_address";"Av. Taquara, 596 - PetrÛpolis, Porto Alegre - RS, 90460-210, Brazil";106;"ESCRITORIO DE SERVICOS DE CONSULTORIA";"AV TAQUARA, 596/201"
"-30.0280484";"-51.2163127";"street_address";"Av. CristÛv„o Colombo, 100 - Floresta, Porto Alegre - RS, 90560-002, Brazil";107;"SEGURADORA";"AV CRISTOVAO COLOMBO, 100"
"-30.0280484";"-51.2163127";"street_address";"Av. CristÛv„o Colombo, 100 - Floresta, Porto Alegre - RS, 90560-002, Brazil";108;"SEGURADORA";"AV CRISTOVAO COLOMBO, 100"
"-30.0290046";"-51.2262223";"street_address";"R. Vig. JosÈ In·cio, 371 - Centro HistÛrico, Porto Alegre - RS, 90020-100, Brazil";109;"ESCRITORIO DE CONTABILIDADE";"R VIGARIO JOSE IGNACIO, 371/1624"
"-30.02175";"-51.1867069";"premise";"Av. PlÌnio Brasil Milano, 466 - HigienÛpolis, Porto Alegre - RS, Brazil";110;"ESCRITORIO DE IMPORTACAO E EXPORTACAO";"AV PLINIO BRASIL MILANO, 466"
"-30.0294756";"-51.1794725";"street_address";"Av. Dr. Nilo PeÁanha, 1221 - Boa Vista, Porto Alegre - RS, Brazil";111;"EDITORACAO GRAFICA, EDICAO E IMPRESSAO DE OUTROS  PRODUTOS GRAFICO";"AV DR NILO PECANHA, 1221/1305"
"-30.0432883";"-51.1436325";"car_repair";"Av. Prot·sio Alves, 6950 - PetrÛpolis, Porto Alegre - RS, 91310-001, Brazil";112;"EMPREITEIRA DA CONSTRUCAO CIVIL";"AV PROTASIO ALVES, 6602/3"
"-30.007019";"-51.13646";"street_address";"R. Eng. Frederico Dahne, 321 - Sarandi, Porto Alegre - RS, 91130-040, Brazil";113;"CONFECCAO SOB MEDIDA DE ARTIGOS DO VESTUARIO";"AV ENG FREDERICO DAHNE, 321"
NA;NA;NA;"R SANTA FLORA-LOMBA DO PINHEIRO 212 LOMBA PINHEIRO Porto Alegre %26&key=AIzaSyBA2Kt4jMYJe3up70J0Kl48Idrm69K6n0I";114;"OFICINA-TORNEARIA";"R SANTA FLORA-LOMBA DO PINHEIRO, 212"
"-30.015321";"-51.200306";"street_address";"R. Dr. TimÛteo, 28 - Floresta, Porto Alegre - RS, 90570-040, Brazil";115;"OFICINA MECANICA PARA AUTOMOVEIS";"R DR TIMOTEO, 28"
"-30.030476";"-51.226284";"establishment";"Ed. Fleming - R. Gen. Vitorino, 53 - sala 31 - Centro HistÛrico, Porto Alegre - RS, 90020-170, Brazil";116;"FOTOCOPIAS, COPIAS HELIOGRAFICAS E PLASTIFICACAO";"R GEN VITORINO, 14/2"
"-30.0272516";"-51.197781";"premise";"R. Quintino Bocai˙va, 1035 - Floresta, Porto Alegre - RS, 90440-051, Brazil";117;"CONSULTORIO MEDICO";"R QUINTINO BOCAIUVA, 1035"
"-30.048814";"-51.208663";"street_address";"Av. Princesa Isabel, 395 - Santana, Porto Alegre - RS, 90620-001, Brazil";118;"CONSULTORIO MEDICO";"AV PRINCESA ISABEL, 395"
"-30.0675675";"-51.2139633";"street_address";"R. Mariano de Matos, 904, Porto Alegre - RS, Brazil";119;"PROFISSIONAL AUTONOMO";"R MARIANO DE MATOS, 904"
"-30.0660925";"-51.1851546";"street_address";"Av. Veiga, 146 - Cel. Aparicio Borges, Porto Alegre - RS, 91510-120, Brazil";120;"ESCRITORIO ADMINISTRATIVO (SEDE ADMINISTRATIVA DE EMPRESA)";"AV VEIGA, 146/401"
"-30.098902";"-51.23182";"street_address";"Rua Stephan Zweig, 30 - Cavalhada, Porto Alegre - RS, 91910-470, Brazil";121;"ESCRITORIO DE CORRETAGEM DE IMOVEIS";"R STEPHAN ZWEIG, 30/206"
"-30.068471";"-51.228408";"street_address";"R. HipÛlito da Costa, 253 - Santa Tereza, Porto Alegre - RS, 90840-110, Brazil";122;"PROFISSIONAL AUTONOMO";"R HIPOLITO DA COSTA, 253/404"
"-30.0552796";"-51.1733766";"street_address";"Av. Ipiranga, 6690 - Jardim Bot‚nico, Porto Alegre - RS, Brazil";123;"CONSULTORIO ODONTOLOGICO";"AV IPIRANGA, 6690/418"
"-30.027978";"-51.2033413";"street_address";"R. Dr. FlorÍncio Ygartua, 131 - Moinhos de Vento, Porto Alegre - RS, 90430-010, Brazil";124;"PERSONAL TRAINER";"R DR FLORENCIO YGARTUA, 131/705"
"-30.011147";"-51.168568";"street_address";"R. AÁores, 68 - Passo d'Areia, Porto Alegre - RS, 91030-340, Brazil";125;"REPRESENTACAO COMERCIAL (INTERMEDIARIOS DE VENDAS DE MERCADORIAS A";"R ACORES, 68/305"
"-30.0406844";"-51.1688893";"street_address";"Av. Prot·sio Alves, 4284 - Alto PetrÛpolis, Porto Alegre - RS, Brazil";126;"ESCRITORIO DE CONTABILIDADE";"AV PROTASIO ALVES, 4284/202"
"-30.1287795";"-51.0986636";"establishment";"Estr. Jo„o de Oliveira Remi„o, 7727 - Lomba do Pinheiro, Porto Alegre - RS, 91560-000, Brazil";127;"PROFISSIONAL AUTONOMO";"ESTR JOAO DE OLIVEIRA REMIAO, 7657"
"-30.0290781";"-51.2266595";"street_address";"R. Mal. Floriano Peixoto, 38 - Centro HistÛrico, Porto Alegre - RS, 90020-060, Brazil";128;"SALAO DE BELEZA";"R MARECHAL FLORIANO PEIXOTO, 38/214"
"-30.0348038";"-51.2239996";"street_address";"R. AvaÌ, 189 - Centro, Porto Alegre - RS, 90050-200, Brazil";129;"SALAO DE BELEZA";"R AVAI, 189"
NA;NA;NA;"AV KARL IWERS 283 JAR ITU SABARA Porto Alegre %26&key=AIzaSyBA2Kt4jMYJe3up70J0Kl48Idrm69K6n0I";130;"PERSONAL TRAINER";"AV KARL IWERS, 283"
"-30.0110515";"-51.1529739";"street_address";"Av. do Forte, 60 - Vila Ipiranga, Porto Alegre - RS, 91630-000, Brazil";131;"ESCRITORIO DE IMPORTACAO E EXPORTACAO";"AV FORTE, 60"
"-30.0292387";"-51.2236927";"street_address";"R. Sr. dos Passos, 235 - Centro HistÛrico, Porto Alegre - RS, 90020-180, Brazil";132;"EMPREITEIRA DA CONSTRUCAO CIVIL";"R SENHOR DOS PASSOS, 235/904"
"-30.1489217";"-51.1453799";"establishment";"R. ¡lvaro Difini, 480 - Restinga, Porto Alegre - RS, 91790-000, Brazil";133;"PROFISSIONAL AUTONOMO";"R ALVARO DIFINI, 235"
"-29.9935498";"-51.1338341";"street_address";"R. Xavier de Carvalho, 378 - Sarandi, Porto Alegre - RS, 91110-440, Brazil";134;"LOCACAO DE FITAS DE VIDEO";"R XAVIER DE CARVALHO, 378"
"-30.0498574";"-51.2151677";"street_address";"R. Prof. Freitas e Castro, 250 - Azenha, Porto Alegre - RS, 90040-400, Brazil";135;"OFICINA DE TROCA E COLOCACAO DE SURDINAS, MOLAS,  AMORTECEDORES E";"R PROF FREITAS E CASTRO, 250"
"-30.0519519";"-51.2217846";"street_address";"R. Bar„o do Triunfo, 12 - Menino Deus, Porto Alegre - RS, 90130-100, Brazil";136;"SALAO DE BELEZA";"R BARAO DO TRIUNFO, 12/105"
"-30.0455346";"-51.2239414";"street_address";"Rua Mucio Teixeira, 119 - Menino Deus, Porto Alegre - RS, 90050-360, Brazil";137;"SALAO DE BELEZA";"R MUCIO TEIXEIRA, 119"
"-30.0335719";"-51.2272952";"street_address";"R. Duque de Caxias, 1392 - Centro HistÛrico, Porto Alegre - RS, Brazil";138;"SALAO DE BELEZA";"R DUQUE DE CAXIAS, 1392"
"-30.0251439";"-51.2227353";"establishment";"Av. J˙lio de Castilhos, 435 - Centro, Porto Alegre - RS, 90030-131, Brazil";139;"FOTOCOPIAS, COPIAS HELIOGRAFICAS E PLASTIFICACAO";"AV JULIO DE CASTILHOS, 31/20"
"-30.0288818";"-51.2251152";"bakery";"Av. Ot·vio Rocha, 151 - Centro HistÛrico, Porto Alegre - RS, 90020-151, Brazil";140;"LABORATORIO DE OTICA";"VDT OTAVIO ROCHA, 22/208"
"-30.0101895";"-51.15517";"street_address";"Av. Assis Brasil, 3194 - Passo d'Areia, Porto Alegre - RS, Brazil";141;"SALAO DE BELEZA";"AV ASSIS BRASIL, 3194"
"-30.0184157";"-51.2031348";"street_address";"Av. CristÛv„o Colombo, 1761 - Floresta, Porto Alegre - RS, 90560-003, Brazil";142;"ESCRITORIO DE ENGENHARIA";"AV CRISTOVAO COLOMBO, 1761"
"-29.9839981";"-51.1337429";"premise";"Av. TolÍdo Piza, 720 - Sarandi, Porto Alegre - RS, 91120-300, Brazil";143;"MINI-SNOOKER";"AV TOLEDO PIZA, 720"
"-30.0326852";"-51.2286432";"street_address";"R. JerÙnimo Coelho, 85 - Centro HistÛrico, Porto Alegre - RS, 90010-240, Brazil";144;"ESCRITORIO DE SERVICOS JURIDICOS";"R JERONIMO COELHO, 85/304"
"-30.086337";"-51.231997";"street_address";"R. Arapei, 296 - Cristal, Porto Alegre - RS, 90830-470, Brazil";145;"OFICINA DE REPARACAO E MANUTENCAO DE ELETRODOMES- TICOS";"R ARAPEI, 296"
"-30.0425787";"-51.1876365";"street_address";"Av. Itaqui, 89 - PetrÛpolis, Porto Alegre - RS, 90460-140, Brazil";146;"CONSULTORIO MEDICO";"AV ITAQUI, 89/101"
"-30.0290601";"-51.2036229";"street_address";"R. Mostardeiro, 333 - Rio Branco, Porto Alegre - RS, Brazil";147;"CONSULTORIO MEDICO";"R MOSTARDEIRO, 333/713"
"-30.0279865";"-51.222828";"establishment";"Av. Alberto Bins, 392 - Centro HistÛrico, Porto Alegre - RS, Brazil";148;"CONSULTORIO ODONTOLOGICO";"AV ALBERTO BINS, 392/201"
NA;NA;NA;"AV DR ALBERTO VIANNA ROSA 216 ZONA INDEFIN. 4 Porto Alegre %26&key=AIzaSyBA2Kt4jMYJe3up70J0Kl48Idrm69K6n0I";149;"PROFISSIONAL AUTONOMO";"AV DR ALBERTO VIANNA ROSA, 216"
"-30.057842";"-51.2136899";"street_address";"Av. Dr. Carlos Barbosa, 223 - Medianeira, Porto Alegre - RS, Brazil";150;"CONFECCAO SOB MEDIDA DE CALCADOS E DEMAIS ARTIGOS DE COURO";"AV DR CARLOS BARBOSA, 223"
"-30.04144";"-51.221277";"street_address";"R. Lopo GonÁalves, 382 - Cidade Baixa, Porto Alegre - RS, 90050-350, Brazil";151;"SAPATARIA";"R LOPO GONCALVES, 382"
"-30.032697";"-51.22664";"street_address";"R. JerÙnimo Coelho, 277 - Centro HistÛrico, Porto Alegre - RS, 90010-240, Brazil";152;"ESCOLA PREPARATORIA";"R JERONIMO COELHO, 277/5"
"-30.0521181";"-51.180296";"street_address";"R. Felizardo, 969 - Jardim Bot‚nico, Porto Alegre - RS, 90690-200, Brazil";153;"OFICINA MECANICA PARA AUTOMOVEIS";"R FELIZARDO, 969"
"-30.099392";"-51.2416648";"street_address";"R. Cel. Massot, 714 - Cristal, Porto Alegre - RS, 91910-530, Brazil";154;"CONSULTORIO MEDICO";"R CEL MASSOT, 714"
"-30.0291775";"-51.2295923";"street_address";"Rua 7 de Setembro, 1069 - Centro HistÛrico, Porto Alegre - RS, 90010-190, Brazil";155;"ESCRITORIO DE CORRETAGEM DE IMOVEIS";"R SETE DE SETEMBRO, 1069/1615"
NA;NA;NA;"R CARLOS ESTEVAO 17/420 ZONA INDEFIN. 4 Porto Alegre %26&key=AIzaSyBA2Kt4jMYJe3up70J0Kl48Idrm69K6n0I";156;"PROFISSIONAL AUTONOMO";"R CARLOS ESTEVAO, 17/420"
"-30.0643035";"-51.1720215";"establishment";"Vila Jo„o Pessoa, Porto Alegre - RS, 90650-001, Brazil";157;"PROFISSIONAL AUTONOMO";"R MARECHAL MALLET, 318"
"-30.0527102";"-51.1832338";"premise";"R. ItaboraÌ, 1090 - Jardim Bot‚nico, Porto Alegre - RS, 90670-030, Brazil";158;"MOTOFRETE";"R ITABORAI, 1090"
"-30.0208631";"-51.1832478";"street_address";"PraÁa Alberto Ramos, 812 - HigienÛpolis, Porto Alegre - RS, 90520-050, Brazil";159;"ESCRITORIO DE CONTABILIDADE";"PCA ALBERTO RAMOS, 812/502"
"-30.0217249";"-51.1828869";"street_address";"Av. PlÌnio Brasil Milano, 805 - HigienÛpolis, Porto Alegre - RS, 90520-002, Brazil";160;"ESCRITORIO DE CONTABILIDADE";"AV PLINIO BRASIL MILANO, 805/810"
NA;NA;NA;"R DR ARON MENDA 100/311 ZONA INDEFIN. 4 Porto Alegre %26&key=AIzaSyBA2Kt4jMYJe3up70J0Kl48Idrm69K6n0I";161;"PROFISSIONAL AUTONOMO";"R DR ARON MENDA, 100/311"
"-30.0293447";"-51.2224893";"street_address";"PraÁa Dom Feliciano, 78 - Centro HistÛrico, Porto Alegre - RS, 90020-160, Brazil";162;"CONSULTORIO MEDICO";"PCA DOM FELICIANO, 78/508"
"-30.045597";"-51.189069";"street_address";"Rua VÌtor Hugo, 257 - PetrÛpolis, Porto Alegre - RS, 90630-070, Brazil";163;"ESTUDIO DE DESENHO";"R VITOR HUGO, 257"
"-30.042978";"-51.2118139";"street_address";"R. Laurindo, 228 - Santana, Porto Alegre - RS, 90040-140, Brazil";164;"OFICINA DE REPARACAO DE APARELHOS ELETRONICOS";"R LAURINDO, 228/3"
"-30.1658596";"-51.1548684";"street_address";"Estrada Jo„o AntÙnio da Silveira, 1 - Restinga, Porto Alegre - RS, 91790-400, Brazil";165;"PROFISSIONAL AUTONOMO";"ESTR JOAO ANTONIO SILVEIRA, 1"
"-30.029484";"-51.2228867";"street_address";"PraÁa Dom Feliciano, 26 - Centro HistÛrico, Porto Alegre - RS, 90020-160, Brazil";166;"CONSULTORIO MEDICO";"PCA DOM FELICIANO, 26/602"
"-30.1593139";"-51.1960583";"street_address";"R. Herman Aeckerle, 5 - HÌpica, Porto Alegre - RS, 91755-080, Brazil";167;"SALAO DE BELEZA";"R HERMANN AECKERLE, 5"
"-30.0229378";"-51.21094";"street_address";"R. Ramiro Barcelos, 430 - Floresta, Porto Alegre - RS, 90035-002, Brazil";168;"ESCRITORIO DE SERVICOS DE DESPACHANTE E PROCURADOR";"R RAMIRO BARCELOS, 430/6"
"-30.026547";"-51.14787";"street_address";"Travessa S„o Pedro, 146 - Vl Ipiranga, Porto Alegre - RS, 91420-201, Brazil";169;"SALAO DE BELEZA";"TRAV SAO PEDRO, 146"
"-30.0140553";"-51.2085819";"premise";"R. Conselheiro Travassos, 582 - S„o Geraldo, Porto Alegre - RS, 90230-140, Brazil";170;"OFICINA MECANICA PARA AUTOMOVEIS";"R CONSELHEIRO TRAVASSOS, 582"
"-30.0506142";"-51.2085709";"street_address";"Av. Jo„o Pessoa, 2464 - Santana, Porto Alegre - RS, 90040-001, Brazil";171;"ESCRITORIO ADMINISTRATIVO (SEDE ADMINISTRATIVA DE EMPRESA)";"AV JOAO PESSOA, 2464"
"-30.0634336";"-51.1495481";"street_address";"Av. AntÙnio de Carvalho, 333 - Agronomia, Porto Alegre - RS, Brazil";172;"SALAO DE BELEZA";"AV ANTONIO CARVALHO, 333"
"-30.0304629";"-51.2279618";"street_address";"Av. Borges de Medeiros, 453 - Centro HistÛrico, Porto Alegre - RS, 90020-021, Brazil";173;"SERVICO DE MASSAGEM (MASSAGISTAS, MASSAGEM ESTETI-CA, TERAPEUTICA";"AV BORGES DE MEDEIROS, 453/32"
"-30.0542067";"-51.2000807";"street_address";"Av. Bento GonÁalves, 1290 - Partenon, Porto Alegre - RS, 90650-001, Brazil";174;"SALAO DE BELEZA";"AV BENTO GONCALVES, 1290"
"-30.0273623";"-51.2258292";"street_address";"R. Volunt·rios da P·tria, 82 - Centro HistÛrico, Porto Alegre - RS, 90030-001, Brazil";175;"SALAO DE BELEZA";"R VOLUNTARIOS DA PATRIA, 82/6"
"-30.0250095";"-51.1622202";"street_address";"Av. Jo„o Wallig, 1800 - Passo d'Areia, Porto Alegre - RS, Brazil";176;"SALAO DE BELEZA";"AV JOAO WALLIG, 1800/1263"
"-30.006196";"-51.196022";"street_address";"Av. Amazonas, 385 - Navegantes, Porto Alegre - RS, 90240-540, Brazil";177;"OFICINA DE REPARACAO DE APARELHOS ELETRONICOS";"AV AMAZONAS, 385"
"-30.0281078";"-51.2186165";"street_address";"Av. Alberto Bins, 789 - IndependÍncia, Porto Alegre - RS, Brazil";178;"CONSULTORIO ODONTOLOGICO";"AV ALBERTO BINS, 789/403"
"-30.012935";"-51.1957786";"street_address";"Av. S„o Pedro, 1381 - S„o Geraldo, Porto Alegre - RS, 90230-122, Brazil";179;"SALAO DE BELEZA";"AV SAO PEDRO, 1381"
"-30.0341623";"-51.177307";"street_address";"Av. Luiz Manoel Gonzaga, 450 - PetrÛpolis, Porto Alegre - RS, Brazil";180;"CONSULTORIO ODONTOLOGICO";"AV LUIZ MANOEL GONZAGA, 450/703"
"-30.0102078";"-51.1668585";"street_address";"R. Brito Peixoto, 224 - Passo d'Areia, Porto Alegre - RS, 91030-400, Brazil";181;"EDITORACAO GRAFICA, EDICAO E IMPRESSAO DE OUTROS  PRODUTOS GRAFICO";"R BRITO PEIXOTO, 224"
"-30.0245368";"-51.2214486";"street_address";"R. Cel. Vicente, 2 - Centro HistÛrico, Porto Alegre - RS, Brazil";182;"EDITORACAO GRAFICA, EDICAO E IMPRESSAO DE OUTROS  PRODUTOS GRAFICO";"R CEL VICENTE, 10/2"
"-29.977782";"-51.191058";"street_address";"Av. A. J. Renner, 2185 - Humait·, Porto Alegre - RS, 90250-000, Brazil";183;"ESCRITORIO ADMINISTRATIVO (SEDE ADMINISTRATIVA DE EMPRESA)";"AV A J RENNER, 2185"
"-30.0490681";"-51.1893126";"street_address";"R. Felizardo, 74 - Jardim Bot‚nico, Porto Alegre - RS, 90690-200, Brazil";184;"ESCRITORIO ADMINISTRATIVO (SEDE ADMINISTRATIVA DE EMPRESA)";"R FELIZARDO, 74/3"
"-30.058461";"-51.203161";"street_address";"R. S„o Francisco de Assis, 233 - Santo AntÙnio, Porto Alegre - RS, 90640-080, Brazil";185;"LOCACAO DE SALAS OU SALOES PARA EVENTOS, FESTAS E SIMILARES";"R SAO FRANCISCO DE ASSIS, 233"
"-30.0523604";"-51.2172147";"street_address";"R. Bar„o do Triunfo, 448 - Menino Deus, Porto Alegre - RS, 90130-100, Brazil";186;"ESCRITORIO DE ENGENHARIA";"R BARAO DO TRIUNFO, 448/403"
"-30.0217133";"-51.2109314";"premise";"R. Gaspar Martins, 395 - Floresta, Porto Alegre - RS, 90220-160, Brazil";187;"ESCRITORIO DE ENGENHARIA";"R GASPAR MARTINS, 395"
"-30.0232957";"-51.1610041";"street_address";"R. AntÙnio Carlos Berta, 475 - Passo d'Areia, Porto Alegre - RS, 91340-020, Brazil";188;"ESCRITORIO DE ENGENHARIA";"R ANTONIO CARLOS BERTA, 475/310"
"-30.0274922";"-51.1873402";"premise";"R. Carlos Trein Filho, 599 - Auxiliadora, Porto Alegre - RS, 90450-120, Brazil";189;"ESCRITORIO ADMINISTRATIVO (SEDE ADMINISTRATIVA DE EMPRESA)";"R CARLOS TREIN FILHO, 599"
"-30.0304629";"-51.2279618";"street_address";"Av. Borges de Medeiros, 453 - Centro HistÛrico, Porto Alegre - RS, 90020-021, Brazil";190;"ESCRITORIO DE ADMINISTRACAO (SERVIçO DE ASSESSORIAADMINISTRATIVA)";"AV BORGES DE MEDEIROS, 453/134"
"-30.0326487";"-51.2010578";"street_address";"R. Casemiro de Abreu, 715 - Boa Vista, Porto Alegre - RS, 90420-001, Brazil";191;"ESCRITORIO DE ENGENHARIA";"R CASEMIRO DE ABREU, 715"
"-30.0264682";"-51.1892811";"premise";"R. Anita Garibaldi, 664 - Mont'Serrat, Porto Alegre - RS, 90480-200, Brazil";192;"ESCRITORIO DE ENGENHARIA";"R ANITA GARIBALDI, 664"
"-30.0666049";"-51.1848165";"street_address";"Av. Veiga, 199 - Cel. Aparicio Borges, Porto Alegre - RS, 91510-120, Brazil";193;"REPRESENTACAO COMERCIAL (INTERMEDIARIOS DE VENDAS DE MERCADORIAS A";"AV VEIGA, 199"
"-30.0290926";"-51.2209474";"street_address";"R. Cel. Vicente, 605 - Centro HistÛrico, Porto Alegre - RS, 90030-041, Brazil";194;"SALAO DE BELEZA";"R CEL VICENTE, 605"
"-30.0989886";"-51.2328359";"street_address";"Rua Stephan Zweig, 119 - Cavalhada, Porto Alegre - RS, 91910-470, Brazil";195;"PROFISSIONAL AUTONOMO";"R STEPHAN ZWEIG, 119"
"-30.029678";"-51.2293383";"establishment";"R. dos Andradas, 1234 - Centro HistÛrico, Porto Alegre - RS, 90010-000, Brazil";196;"CONSULTORIOS";"R ANDRADAS, 1137/1917"
"-30.1012541";"-51.2292463";"street_address";"Av. Otto Niemeyer, 3340 - Cavalhada, Porto Alegre - RS, 91910-001, Brazil";197;"SALAO DE BELEZA";"AV OTTO NIEMEYER, 3340"
"-30.037348";"-51.197843";"street_address";"Rua Professor ¡lvaro Alvim, 450 - Rio Branco, Porto Alegre - RS, 90420-020, Brazil";198;"PROFISSIONAL AUTONOMO";"R PROF ALVARO ALVIM, 450/133"
"-30.0241562";"-51.1783719";"street_address";"R. Anita Garibaldi, 1745 - Mont'Serrat, Porto Alegre - RS, 90480-201, Brazil";199;"TINTURARIA E LAVANDERIA";"R ANITA GARIBALDI, 1745/2"
"-30.0429608";"-51.1833262";"street_address";"Av. CaÁapava, 271 - PetrÛpolis, Porto Alegre - RS, 90460-130, Brazil";200;"SALAO DE BELEZA";"AV CACAPAVA, 271"
"-30.0320233";"-51.1513006";"street_address";"R. Itapema, 14 - Vila Jardim, Porto Alegre - RS, 91320-090, Brazil";201;"EDITORACAO GRAFICA, EDICAO E IMPRESSAO DE OUTROS  PRODUTOS GRAFICO";"R ITAPEMA, 14/201"
